Date,Operator,Male Cuts,Male Efficiency (%),Female Cuts,Female Efficiency (%),RSC Cuts,Total Cuts,Issues
2024-07-01,JJ,40,100.0,30,100.0,0,70,Clamp realignment
2024-07-02,JJ,40,100.0,30,100.0,0,70,None
2024-07-03,JJ,30,75.0,22,73.3,12,64,None
2024-07-04,JJ,34,85.0,24,80.0,0,58,None
2024-07-05,JJ,40,100.0,30,100.0,0,70,None
2024-07-08,JJ,34,85.0,26,86.7,5,65,None
2024-07-09,JJ,35,87.5,22,73.3,6,63,None
2024-07-10,JJ,40,100.0,30,100.0,13,83,None
2024-07-11,JJ,40,100.0,30,100.0,0,70,Clamp realignment
2024-07-12,JJ,30,75.0,24,80.0,0,54,None
2024-07-15,JJ,40,100.0,30,100.0,0,70,None
2024-07-16,JJ,40,100.0,30,100.0,0,70,None
2024-07-17,JJ,40,100.0,30,100.0,22,92,None
2024-07-18,JJ,32,80.0,26,86.7,0,58,None
2024-07-19,JJ,31,77.5,23,76.7,0,54,None
2024-07-22,JJ,40,100.0,30,100.0,0,70,None
2024-07-23,JJ,40,100.0,30,100.0,0,70,None
2024-07-24,JJ,32,80.0,24,80.0,18,74,None
2024-07-25,JJ,34,85.0,26,86.7,0,60,None
2024-07-26,JJ,30,75.0,24,80.0,0,54,Clamp realignment
2024-07-29,JJ,33,82.5,22,73.3,0,55,None
2024-07-30,JJ,32,80.0,26,86.7,0,58,None
2024-07-31,JJ,32,80.0,22,73.3,0,54,None
2024-08-01,JJ,35,87.5,24,80.0,0,59,None
2024-08-02,JJ,34,85.0,24,80.0,0,58,None
2024-08-05,JJ,40,100.0,30,100.0,0,70,None
2024-08-06,JJ,30,75.0,24,80.0,0,54,None
2024-08-07,JJ,35,87.5,22,73.3,13,70,None
2024-08-08,JJ,40,100.0,30,100.0,15,85,Slow unload
2024-08-09,JJ,31,77.5,24,80.0,0,55,None
2024-08-12,JJ,33,82.5,25,83.3,0,58,Vacuum issue 30 min
2024-08-13,JJ,32,80.0,26,86.7,0,58,None
2024-08-14,JJ,34,85.0,24,80.0,0,58,Slow unload
2024-08-15,JJ,34,85.0,26,86.7,0,60,None
2024-08-16,JJ,40,100.0,30,100.0,6,76,None
2024-08-19,JJ,40,100.0,30,100.0,0,70,Clamp realignment
2024-08-20,JJ,31,77.5,25,83.3,25,81,None
2024-08-21,JJ,34,85.0,25,83.3,0,59,None
2024-08-22,JJ,40,100.0,30,100.0,0,70,None
2024-08-23,JJ,40,100.0,30,100.0,0,70,None
2024-08-26,JJ,34,85.0,24,80.0,0,58,None
2024-08-27,JJ,40,100.0,30,100.0,0,70,None
2024-08-28,JJ,40,100.0,30,100.0,0,70,Clamp realignment
2024-08-29,JJ,30,75.0,26,86.7,0,56,None
2024-08-30,JJ,34,85.0,23,76.7,0,57,Slow unload
2024-09-02,JJ,40,100.0,30,100.0,7,77,None
2024-09-03,JJ,40,100.0,30,100.0,0,70,None
2024-09-04,JJ,30,75.0,25,83.3,19,74,None
2024-09-05,JJ,40,100.0,30,100.0,0,70,Bit change delay
2024-09-06,JJ,32,80.0,26,86.7,0,58,None
2024-09-09,JJ,40,100.0,30,100.0,0,70,None
2024-09-10,JJ,33,82.5,25,83.3,0,58,Clamp realignment
2024-09-11,JJ,34,85.0,26,86.7,0,60,Clamp realignment
2024-09-12,JJ,40,100.0,30,100.0,0,70,None
2024-09-13,JJ,33,82.5,22,73.3,0,55,None
2024-09-16,JJ,40,100.0,30,100.0,0,70,None
2024-09-17,JJ,40,100.0,30,100.0,0,70,None
2024-09-18,JJ,35,87.5,24,80.0,0,59,None
2024-09-19,JJ,34,85.0,22,73.3,0,56,None
2024-09-20,JJ,35,87.5,24,80.0,3,62,None
2024-09-23,JJ,40,100.0,30,100.0,0,70,None
2024-09-24,JJ,34,85.0,25,83.3,0,59,Bit change delay
2024-09-25,JJ,34,85.0,25,83.3,0,59,Slow unload
2024-09-26,JJ,40,100.0,30,100.0,0,70,None
2024-09-27,JJ,35,87.5,25,83.3,0,60,None
2024-09-30,JJ,34,85.0,24,80.0,0,58,Slow unload
2024-10-01,JJ,31,77.5,26,86.7,0,57,None
2024-10-02,JJ,33,82.5,24,80.0,0,57,None
2024-10-03,JJ,33,82.5,22,73.3,10,65,None
2024-10-04,JJ,40,100.0,30,100.0,0,70,None
2024-10-07,JJ,35,87.5,26,86.7,0,61,Bit change delay
2024-10-08,JJ,40,100.0,30,100.0,3,73,None
2024-10-09,JJ,32,80.0,26,86.7,0,58,None
2024-10-10,JJ,30,75.0,23,76.7,0,53,None
2024-10-11,JJ,33,82.5,24,80.0,0,57,None
2024-10-14,JJ,40,100.0,30,100.0,25,95,None
2024-10-15,JJ,31,77.5,22,73.3,13,66,None
2024-10-16,JJ,30,75.0,22,73.3,0,52,None
2024-10-17,JJ,31,77.5,24,80.0,0,55,Clamp realignment
2024-10-18,JJ,32,80.0,23,76.7,0,55,None
2024-10-21,JJ,40,100.0,30,100.0,0,70,None
2024-10-22,JJ,32,80.0,26,86.7,0,58,None
2024-10-23,JJ,30,75.0,25,83.3,0,55,Bit change delay
2024-10-24,JJ,32,80.0,23,76.7,0,55,None
2024-10-25,JJ,40,100.0,30,100.0,16,86,None
2024-10-28,JJ,35,87.5,25,83.3,0,60,None
2024-10-29,JJ,40,100.0,30,100.0,15,85,None
2024-10-30,JJ,33,82.5,24,80.0,0,57,None
2024-10-31,JJ,35,87.5,22,73.3,0,57,Bit change delay
2024-11-01,JJ,40,100.0,30,100.0,24,94,None
2024-11-04,JJ,35,87.5,22,73.3,0,57,None
2024-11-05,JJ,34,85.0,23,76.7,0,57,None
2024-11-06,JJ,40,100.0,30,100.0,0,70,None
2024-11-07,JJ,31,77.5,22,73.3,0,53,None
2024-11-08,JJ,35,87.5,26,86.7,0,61,None
2024-11-11,JJ,31,77.5,23,76.7,0,54,None
2024-11-12,JJ,30,75.0,22,73.3,23,75,None
2024-11-13,JJ,40,100.0,30,100.0,0,70,None
2024-11-14,JJ,31,77.5,24,80.0,0,55,None
2024-11-15,JJ,31,77.5,23,76.7,0,54,None
2024-11-18,JJ,31,77.5,25,83.3,0,56,None
2024-11-19,JJ,33,82.5,24,80.0,0,57,None
2024-11-20,JJ,40,100.0,30,100.0,0,70,Bit change delay
2024-11-21,JJ,33,82.5,22,73.3,0,55,None
2024-11-22,JJ,30,75.0,24,80.0,0,54,Vacuum issue 30 min
2024-11-25,JJ,33,82.5,23,76.7,0,56,None
2024-11-26,JJ,31,77.5,24,80.0,0,55,None
2024-11-27,JJ,34,85.0,23,76.7,0,57,None
2024-11-28,JJ,32,80.0,24,80.0,0,56,None
2024-11-29,JJ,34,85.0,23,76.7,0,57,None
2024-12-02,JJ,40,100.0,30,100.0,0,70,None
2024-12-03,JJ,32,80.0,25,83.3,2,59,Clamp realignment
2024-12-04,JJ,32,80.0,25,83.3,0,57,None
2024-12-05,JJ,40,100.0,30,100.0,0,70,None
2024-12-06,JJ,40,100.0,30,100.0,0,70,None
2024-12-09,JJ,30,75.0,25,83.3,0,55,None
2024-12-10,JJ,32,80.0,25,83.3,0,57,Clamp realignment
2024-12-11,JJ,40,100.0,30,100.0,0,70,Slow unload
2024-12-12,JJ,33,82.5,22,73.3,25,80,None
2024-12-13,JJ,40,100.0,30,100.0,0,70,None
2024-12-16,JJ,35,87.5,26,86.7,4,65,Clamp realignment
2024-12-17,JJ,40,100.0,30,100.0,0,70,None
2024-12-18,JJ,40,100.0,30,100.0,0,70,None
2024-12-19,JJ,33,82.5,26,86.7,0,59,None
2024-12-20,JJ,35,87.5,23,76.7,2,60,None
2024-12-23,JJ,40,100.0,30,100.0,0,70,None
2024-12-24,JJ,32,80.0,24,80.0,0,56,None
2024-12-25,JJ,30,75.0,23,76.7,14,67,None
2024-12-26,JJ,30,75.0,25,83.3,0,55,None
2024-12-27,JJ,40,100.0,30,100.0,0,70,None
2024-12-30,JJ,34,85.0,24,80.0,5,63,None
2024-12-31,JJ,35,87.5,25,83.3,0,60,Bit change delay
2025-01-01,JJ,40,100.0,30,100.0,0,70,Clamp realignment
2025-01-02,JJ,40,100.0,30,100.0,0,70,None
2025-01-03,JJ,30,75.0,25,83.3,0,55,None
2025-01-06,JJ,40,100.0,30,100.0,18,88,None
2025-01-07,JJ,31,77.5,25,83.3,0,56,None
2025-01-08,JJ,31,77.5,24,80.0,26,81,None
2025-01-09,JJ,40,100.0,30,100.0,0,70,None
2025-01-10,JJ,34,85.0,23,76.7,0,57,None
2025-01-13,JJ,32,80.0,26,86.7,0,58,None
2025-01-14,JJ,30,75.0,26,86.7,0,56,None
2025-01-15,JJ,40,100.0,30,100.0,0,70,None
2025-01-16,JJ,34,85.0,24,80.0,0,58,Clamp realignment
2025-01-17,JJ,35,87.5,25,83.3,24,84,None
2025-01-20,JJ,40,100.0,30,100.0,9,79,None
2025-01-21,JJ,34,85.0,23,76.7,0,57,None
2025-01-22,JJ,34,85.0,24,80.0,0,58,None
2025-01-23,JJ,40,100.0,30,100.0,21,91,None
2025-01-24,JJ,40,100.0,30,100.0,0,70,None
2025-01-27,JJ,34,85.0,23,76.7,9,66,None
2025-01-28,JJ,40,100.0,30,100.0,0,70,None
2025-01-29,JJ,33,82.5,24,80.0,0,57,None
2025-01-30,JJ,34,85.0,22,73.3,9,65,None
2025-01-31,JJ,40,100.0,30,100.0,0,70,None
2025-02-03,JJ,30,75.0,24,80.0,0,54,None
2025-02-04,JJ,34,85.0,24,80.0,0,58,None
2025-02-05,JJ,33,82.5,25,83.3,0,58,None
2025-02-06,JJ,32,80.0,23,76.7,0,55,None
2025-02-07,JJ,40,100.0,30,100.0,0,70,None
2025-02-10,JJ,31,77.5,24,80.0,0,55,Vacuum issue 30 min
2025-02-11,JJ,32,80.0,25,83.3,0,57,None
2025-02-12,JJ,40,100.0,30,100.0,0,70,None
2025-02-13,JJ,33,82.5,26,86.7,0,59,None
2025-02-14,JJ,31,77.5,23,76.7,0,54,None
2025-02-17,JJ,40,100.0,30,100.0,0,70,None
2025-02-18,JJ,40,100.0,30,100.0,0,70,None
2025-02-19,JJ,34,85.0,26,86.7,0,60,None
2025-02-20,JJ,32,80.0,25,83.3,0,57,Slow unload
2025-02-21,JJ,34,85.0,22,73.3,0,56,Bit change delay
2025-02-24,JJ,34,85.0,25,83.3,25,84,None
2025-02-25,JJ,40,100.0,30,100.0,0,70,None
2025-02-26,JJ,30,75.0,23,76.7,4,57,None
2025-02-27,JJ,40,100.0,30,100.0,6,76,Bit change delay
2025-02-28,JJ,30,75.0,25,83.3,0,55,None
2025-03-03,JJ,33,82.5,24,80.0,0,57,None
2025-03-04,JJ,40,100.0,30,100.0,0,70,None
2025-03-05,JJ,40,100.0,30,100.0,0,70,None
2025-03-06,JJ,40,100.0,30,100.0,0,70,Bit change delay
2025-03-07,JJ,40,100.0,30,100.0,0,70,None
2025-03-10,JJ,40,100.0,30,100.0,0,70,None
2025-03-11,JJ,33,82.5,23,76.7,0,56,None
2025-03-12,JJ,40,100.0,30,100.0,5,75,Slow unload
2025-03-13,JJ,40,100.0,30,100.0,0,70,None
2025-03-14,JJ,30,75.0,25,83.3,0,55,None
2025-03-17,JJ,40,100.0,30,100.0,0,70,Vacuum issue 30 min
2025-03-18,JJ,40,100.0,30,100.0,0,70,None
2025-03-19,JJ,30,75.0,23,76.7,0,53,None
2025-03-20,JJ,30,75.0,25,83.3,0,55,None
2025-03-21,JJ,40,100.0,30,100.0,0,70,None
2025-03-24,JJ,40,100.0,30,100.0,0,70,Slow unload
2025-03-25,JJ,33,82.5,26,86.7,0,59,None
2025-03-26,JJ,30,75.0,24,80.0,0,54,Slow unload
2025-03-27,JJ,32,80.0,23,76.7,0,55,None
2025-03-28,JJ,32,80.0,23,76.7,0,55,None
2025-03-31,JJ,30,75.0,23,76.7,0,53,None
2025-04-01,JJ,31,77.5,26,86.7,0,57,None
2025-04-02,JJ,32,80.0,26,86.7,11,69,None
2025-04-03,JJ,40,100.0,30,100.0,0,70,None
2025-04-04,JJ,35,87.5,25,83.3,0,60,None
2025-04-07,JJ,40,100.0,30,100.0,0,70,None
2025-04-08,JJ,35,87.5,24,80.0,0,59,None
2025-04-09,JJ,40,100.0,30,100.0,0,70,None
2025-04-10,JJ,31,77.5,25,83.3,16,72,None
2025-04-11,JJ,33,82.5,24,80.0,0,57,None
2025-04-14,JJ,40,100.0,30,100.0,0,70,None
2025-04-15,JJ,40,100.0,30,100.0,20,90,None
2025-04-16,JJ,40,100.0,30,100.0,0,70,None
2025-04-17,JJ,31,77.5,23,76.7,0,54,None
2025-04-18,JJ,32,80.0,23,76.7,0,55,None
2025-04-21,JJ,40,100.0,30,100.0,0,70,None
2025-04-22,JJ,40,100.0,30,100.0,0,70,None
2025-04-23,JJ,31,77.5,23,76.7,0,54,None
2025-04-24,JJ,40,100.0,30,100.0,0,70,None
2025-04-25,JJ,33,82.5,24,80.0,0,57,None
2025-04-28,JJ,34,85.0,25,83.3,0,59,None
2025-04-29,JJ,40,100.0,30,100.0,0,70,None
2025-04-30,JJ,40,100.0,30,100.0,0,70,None
2025-05-01,JJ,40,100.0,30,100.0,0,70,None
2025-05-02,JJ,40,100.0,30,100.0,0,70,None
2025-05-05,JJ,40,100.0,30,100.0,0,70,None
2025-05-06,JJ,40,100.0,30,100.0,0,70,None
2025-05-07,JJ,34,85.0,23,76.7,0,57,None
2025-05-08,JJ,31,77.5,26,86.7,0,57,None
2025-05-09,JJ,40,100.0,30,100.0,0,70,None
2025-05-12,JJ,32,80.0,23,76.7,0,55,Bit change delay
2025-05-13,JJ,30,75.0,23,76.7,0,53,None
2025-05-14,JJ,40,100.0,30,100.0,0,70,None
2025-05-15,JJ,34,85.0,23,76.7,0,57,None
2025-05-16,JJ,35,87.5,26,86.7,0,61,Slow unload
2025-05-19,JJ,40,100.0,30,100.0,0,70,None
2025-05-20,JJ,40,100.0,30,100.0,0,70,None
2025-05-21,JJ,30,75.0,24,80.0,0,54,None
2025-05-22,JJ,34,85.0,26,86.7,20,80,None
2025-05-23,JJ,35,87.5,23,76.7,12,70,None
2025-05-26,JJ,40,100.0,30,100.0,0,70,Bit change delay
2025-05-27,JJ,30,75.0,26,86.7,8,64,None
2025-05-28,JJ,40,100.0,30,100.0,0,70,None
2025-05-29,JJ,34,85.0,25,83.3,0,59,None
2025-05-30,JJ,32,80.0,24,80.0,0,56,None
2025-06-02,JJ,30,75.0,26,86.7,0,56,None
2025-06-03,JJ,31,77.5,26,86.7,0,57,None
2025-06-04,JJ,40,100.0,30,100.0,0,70,None
2025-06-05,JJ,33,82.5,26,86.7,0,59,Bit change delay
2025-06-06,JJ,40,100.0,30,100.0,9,79,None
2025-06-09,JJ,40,100.0,30,100.0,0,70,None
2025-06-10,JJ,40,100.0,30,100.0,0,70,None
2025-06-11,JJ,32,80.0,24,80.0,4,60,Vacuum issue 30 min
2025-06-12,JJ,40,100.0,30,100.0,0,70,Slow unload
2025-06-13,JJ,34,85.0,24,80.0,0,58,None
2025-06-16,JJ,34,85.0,22,73.3,0,56,None
2025-06-17,JJ,35,87.5,25,83.3,0,60,Clamp realignment
2025-06-18,JJ,40,100.0,30,100.0,14,84,None
2025-06-19,JJ,34,85.0,26,86.7,0,60,Slow unload
2025-06-20,JJ,40,100.0,30,100.0,0,70,None
2025-06-23,JJ,33,82.5,26,86.7,0,59,None
2025-06-24,JJ,33,82.5,26,86.7,0,59,None
2025-06-25,JJ,31,77.5,24,80.0,0,55,None
2025-06-26,JJ,32,80.0,23,76.7,0,55,None
2025-06-27,JJ,33,82.5,23,76.7,0,56,None
2025-06-30,JJ,31,77.5,24,80.0,0,55,Bit change delay
